{
  "metadata": {
    "model_name": "nvidia/Nemotron-Research-Reasoning-Qwen-1.5B",
    "timestamp": "2026-02-16T00:07:31.504523",
    "total_problems": 5000,
    "evaluation_version": "1.0"
  },
  "metrics": {
    "overall": {
      "accuracy": 0.6018,
      "correct": 3009,
      "total": 5000,
      "avg_tokens": 665.1992
    },
    "by_level": {
      "Level 1": {
        "accuracy": 0.8077803203661327,
        "correct": 353,
        "total": 437,
        "percentage_of_dataset": 0.0874
      },
      "Level 2": {
        "accuracy": 0.7483221476510067,
        "correct": 669,
        "total": 894,
        "percentage_of_dataset": 0.1788
      },
      "Level 3": {
        "accuracy": 0.6834659593280283,
        "correct": 773,
        "total": 1131,
        "percentage_of_dataset": 0.2262
      },
      "Level 4": {
        "accuracy": 0.5461285008237232,
        "correct": 663,
        "total": 1214,
        "percentage_of_dataset": 0.2428
      },
      "Level 5": {
        "accuracy": 0.4161631419939577,
        "correct": 551,
        "total": 1324,
        "percentage_of_dataset": 0.2648
      }
    },
    "by_type": {
      "Algebra": {
        "accuracy": 0.7582139848357203,
        "correct": 900,
        "total": 1187,
        "percentage_of_dataset": 0.2374
      },
      "Counting & Probability": {
        "accuracy": 0.5358649789029536,
        "correct": 254,
        "total": 474,
        "percentage_of_dataset": 0.0948
      },
      "Geometry": {
        "accuracy": 0.49269311064718163,
        "correct": 236,
        "total": 479,
        "percentage_of_dataset": 0.0958
      },
      "Intermediate Algebra": {
        "accuracy": 0.4629014396456257,
        "correct": 418,
        "total": 903,
        "percentage_of_dataset": 0.1806
      },
      "Number Theory": {
        "accuracy": 0.5962962962962963,
        "correct": 322,
        "total": 540,
        "percentage_of_dataset": 0.108
      },
      "Prealgebra": {
        "accuracy": 0.7072330654420207,
        "correct": 616,
        "total": 871,
        "percentage_of_dataset": 0.1742
      },
      "Precalculus": {
        "accuracy": 0.4816849816849817,
        "correct": 263,
        "total": 546,
        "percentage_of_dataset": 0.1092
      }
    },
    "detailed_stats": {
      "error_rate": 0.3982,
      "hardest_level": {
        "level": "Level 5",
        "accuracy": 0.4161631419939577
      },
      "easiest_level": {
        "level": "Level 1",
        "accuracy": 0.8077803203661327
      },
      "hardest_type": {
        "type": "Intermediate Algebra",
        "accuracy": 0.4629014396456257
      },
      "easiest_type": {
        "type": "Algebra",
        "accuracy": 0.7582139848357203
      }
    },
    "metadata": {
      "model_name": "nvidia/Nemotron-Research-Reasoning-Qwen-1.5B",
      "solutions_file": "outputs/math_test_solutions_20260215_234638.jsonl",
      "metadata_file": "data/math_test_metadata.jsonl",
      "total_problems_evaluated": 5000
    }
  }
}