{
  "metadata": {
    "model_name": "nvidia/Nemotron-Research-Reasoning-Qwen-1.5B",
    "timestamp": "2026-02-14T19:36:04.956047",
    "total_problems": 5000,
    "evaluation_version": "1.0"
  },
  "metrics": {
    "overall": {
      "accuracy": 0.8374,
      "correct": 4187,
      "total": 5000,
      "avg_tokens": 3464.9354
    },
    "by_level": {
      "Level 1": {
        "accuracy": 0.897025171624714,
        "correct": 392,
        "total": 437,
        "percentage_of_dataset": 0.0874
      },
      "Level 2": {
        "accuracy": 0.8926174496644296,
        "correct": 798,
        "total": 894,
        "percentage_of_dataset": 0.1788
      },
      "Level 3": {
        "accuracy": 0.8682581786030061,
        "correct": 982,
        "total": 1131,
        "percentage_of_dataset": 0.2262
      },
      "Level 4": {
        "accuracy": 0.8294892915980231,
        "correct": 1007,
        "total": 1214,
        "percentage_of_dataset": 0.2428
      },
      "Level 5": {
        "accuracy": 0.7613293051359517,
        "correct": 1008,
        "total": 1324,
        "percentage_of_dataset": 0.2648
      }
    },
    "by_type": {
      "Algebra": {
        "accuracy": 0.8761583824768323,
        "correct": 1040,
        "total": 1187,
        "percentage_of_dataset": 0.2374
      },
      "Counting & Probability": {
        "accuracy": 0.8438818565400844,
        "correct": 400,
        "total": 474,
        "percentage_of_dataset": 0.0948
      },
      "Geometry": {
        "accuracy": 0.7682672233820459,
        "correct": 368,
        "total": 479,
        "percentage_of_dataset": 0.0958
      },
      "Intermediate Algebra": {
        "accuracy": 0.7530454042081949,
        "correct": 680,
        "total": 903,
        "percentage_of_dataset": 0.1806
      },
      "Number Theory": {
        "accuracy": 0.9314814814814815,
        "correct": 503,
        "total": 540,
        "percentage_of_dataset": 0.108
      },
      "Prealgebra": {
        "accuracy": 0.8886337543053962,
        "correct": 774,
        "total": 871,
        "percentage_of_dataset": 0.1742
      },
      "Precalculus": {
        "accuracy": 0.7728937728937729,
        "correct": 422,
        "total": 546,
        "percentage_of_dataset": 0.1092
      }
    },
    "detailed_stats": {
      "error_rate": 0.16259999999999997,
      "hardest_level": {
        "level": "Level 5",
        "accuracy": 0.7613293051359517
      },
      "easiest_level": {
        "level": "Level 1",
        "accuracy": 0.897025171624714
      },
      "hardest_type": {
        "type": "Intermediate Algebra",
        "accuracy": 0.7530454042081949
      },
      "easiest_type": {
        "type": "Number Theory",
        "accuracy": 0.9314814814814815
      }
    },
    "metadata": {
      "model_name": "nvidia/Nemotron-Research-Reasoning-Qwen-1.5B",
      "solutions_file": "outputs/math_test_solutions_20260214_160523.jsonl",
      "metadata_file": "data/math_test_metadata.jsonl",
      "total_problems_evaluated": 5000
    }
  }
}