{
  "metadata": {
    "model_name": "Qwen/Qwen2.5-Math-7B-Instruct",
    "timestamp": "2026-02-12T10:23:23.039634",
    "total_problems": 5000,
    "evaluation_version": "1.0"
  },
  "metrics": {
    "overall": {
      "accuracy": 0.7826,
      "correct": 3913,
      "total": 5000,
      "avg_tokens": 663.0852
    },
    "by_level": {
      "Level 1": {
        "accuracy": 0.8993135011441648,
        "correct": 393,
        "total": 437,
        "percentage_of_dataset": 0.0874
      },
      "Level 2": {
        "accuracy": 0.8780760626398211,
        "correct": 785,
        "total": 894,
        "percentage_of_dataset": 0.1788
      },
      "Level 3": {
        "accuracy": 0.8258178603006189,
        "correct": 934,
        "total": 1131,
        "percentage_of_dataset": 0.2262
      },
      "Level 4": {
        "accuracy": 0.771004942339374,
        "correct": 936,
        "total": 1214,
        "percentage_of_dataset": 0.2428
      },
      "Level 5": {
        "accuracy": 0.6533232628398792,
        "correct": 865,
        "total": 1324,
        "percentage_of_dataset": 0.2648
      }
    },
    "by_type": {
      "Algebra": {
        "accuracy": 0.8685762426284751,
        "correct": 1031,
        "total": 1187,
        "percentage_of_dataset": 0.2374
      },
      "Counting & Probability": {
        "accuracy": 0.7869198312236287,
        "correct": 373,
        "total": 474,
        "percentage_of_dataset": 0.0948
      },
      "Geometry": {
        "accuracy": 0.6931106471816284,
        "correct": 332,
        "total": 479,
        "percentage_of_dataset": 0.0958
      },
      "Intermediate Algebra": {
        "accuracy": 0.64562569213732,
        "correct": 583,
        "total": 903,
        "percentage_of_dataset": 0.1806
      },
      "Number Theory": {
        "accuracy": 0.8648148148148148,
        "correct": 467,
        "total": 540,
        "percentage_of_dataset": 0.108
      },
      "Prealgebra": {
        "accuracy": 0.894374282433984,
        "correct": 779,
        "total": 871,
        "percentage_of_dataset": 0.1742
      },
      "Precalculus": {
        "accuracy": 0.6373626373626373,
        "correct": 348,
        "total": 546,
        "percentage_of_dataset": 0.1092
      }
    },
    "detailed_stats": {
      "error_rate": 0.21740000000000004,
      "hardest_level": {
        "level": "Level 5",
        "accuracy": 0.6533232628398792
      },
      "easiest_level": {
        "level": "Level 1",
        "accuracy": 0.8993135011441648
      },
      "hardest_type": {
        "type": "Precalculus",
        "accuracy": 0.6373626373626373
      },
      "easiest_type": {
        "type": "Prealgebra",
        "accuracy": 0.894374282433984
      }
    },
    "metadata": {
      "model_name": "Qwen/Qwen2.5-Math-7B-Instruct",
      "solutions_file": "outputs/math_test_solutions_20260212_024306.jsonl",
      "metadata_file": "data/math_test_metadata.jsonl",
      "total_problems_evaluated": 5000
    }
  }
}