{"train/loss":0.699181854724884,"train/lr(1e-3)":0.0025,"train/time(s)":152.2076780796051,"_timestamp":1.7714598640142684e+09,"_wandb":{"runtime":162},"_runtime":162.70912151,"_step":1}