{
  "mean": 2961.225969198088,
  "min": 598,
  "max": 16347,
  "median": 2512,
  "std": 1866.3124036375525,
  "total_examples": 3766
}