{
  "mean": 2971.881400902096,
  "min": 598,
  "max": 16347,
  "median": 2523,
  "std": 1890.7582040966447,
  "total_examples": 3769
}