{"_wandb":{"runtime":5913},"_runtime":5913.127795825,"train/loss":0.6076881885528564,"train/lr(1e-3)":0,"train/time(s)":135.11587643623352,"_timestamp":1.7714661405898087e+09,"_step":42,"val/loss":0.6147674322128296}